{
  "rotation": [
    0.3461672365665436,
    0.3549971282482147,
    -0.5999710559844971,
    -0.6278376579284668
  ],
  "translation": [
    0.036095939576625824,
    -0.019134322181344032,
    1.3033418655395508
  ],
  "scale": [
    0.6186071038246155,
    0.6118005514144897,
    0.6277202367782593
  ]
}